{"numpy": {"way_for_loop": {"1": 0.00359492699999997, "5": 0.01634256100000009}, "way_dense_kron_sum": {"1": 0.004328332000000046, "5": 0.004085983999999598}}, "pytorch": {"way_for_loop": {"1": 0.004058717000000378, "5": 0.01581582699999995}, "way_dense_kron_sum": {"1": 0.004366087000000185, "5": 0.0045660600000001494}}, "torchgpu": {"way_for_loop": {"1": 0.004513251999999746, "5": 0.05170304999999953}, "way_dense_kron_sum": {"1": 0.00495314800000024, "5": 0.004725775999999904}}, "tensorflow": {"way_for_loop": {"1": 0.11190067500000023, "5": 0.07914185899999993}, "way_vectorized_map": {"1": 0.37254747199999994, "5": 0.34527044799999995}, "way_dense_kron_sum": {"1": 0.021004778, "5": 0.017970010999999175}}}